{"errorFlag":false,"statusMessage":"","warningFlag":false,"warningMessage":"","results":[{"Id":283154,"Surname":"Abbassi","Firstname":"Afshin","Gender":"F","YearOfBirth":1999,"TrackStartDateTimeUTC":"2022-03-26T01:30:41.000Z","StartPunchTimeLocal":"11:30:48","FinishPunchTimeLocal":"12:47:58","TotalTimehhmmss":"1:17:10","TotalTimeSecs":4630,"Classifier":"OK","ClubName":"","GrossScore":90,"NetScore":90,"MapRunVersion":"MapRun6 6.5.10-ios-en","Distance":7.07,"Pacemmss":"10:55","PaceMins":10.914662894860914,"Punches":[{"ControlId":"1","TimeAfterStartSecs":249},{"ControlId":"99","TimeAfterStartSecs":623},{"ControlId":"2","TimeAfterStartSecs":836},{"ControlId":"3","TimeAfterStartSecs":1725},{"ControlId":"4","TimeAfterStartSecs":2652},{"ControlId":"5","TimeAfterStartSecs":3686},{"ControlId":"99 (Extra)","TimeAfterStartSecs":1008},{"ControlId":"1 (Extra)","TimeAfterStartSecs":1848},{"ControlId":"99 (Extra)","TimeAfterStartSecs":2021},{"ControlId":"99 (Extra)","TimeAfterStartSecs":2975},{"ControlId":"1 (Extra)","TimeAfterStartSecs":4351}]},{"Id":283151,"Surname":"Orsborn","Firstname":"M","Gender":"F","YearOfBirth":1973,"TrackStartDateTimeUTC":"2022-03-26T01:00:28.000Z","StartPunchTimeLocal":"11:02:07","FinishPunchTimeLocal":"12:34:23","TotalTimehhmmss":"1:32:15","TotalTimeSecs":5535,"Classifier":"OK","ClubName":"","GrossScore":100,"NetScore":10,"MapRunVersion":"MapRun6 6.5.10-android-en","Distance":13.65,"Pacemmss":"6:45","PaceMins":6.758241758241758,"Punches":[{"ControlId":"4","TimeAfterStartSecs":531},{"ControlId":"5","TimeAfterStartSecs":1212},{"ControlId":"99","TimeAfterStartSecs":1822},{"ControlId":"1","TimeAfterStartSecs":2177},{"ControlId":"7","TimeAfterStartSecs":2407},{"ControlId":"3","TimeAfterStartSecs":2590},{"ControlId":"6","TimeAfterStartSecs":2741},{"ControlId":"2","TimeAfterStartSecs":3068},{"ControlId":"14","TimeAfterStartSecs":3253},{"ControlId":"4 (Extra)","TimeAfterStartSecs":2026},{"ControlId":"99 (Extra)","TimeAfterStartSecs":3325},{"ControlId":"4 (Extra)","TimeAfterStartSecs":3476},{"ControlId":"5 (Extra)","TimeAfterStartSecs":3859},{"ControlId":"1 (Extra)","TimeAfterStartSecs":4193},{"ControlId":"7 (Extra)","TimeAfterStartSecs":4413},{"ControlId":"3 (Extra)","TimeAfterStartSecs":4554},{"ControlId":"6 (Extra)","TimeAfterStartSecs":4715},{"ControlId":"2 (Extra)","TimeAfterStartSecs":4975},{"ControlId":"99 (Extra)","TimeAfterStartSecs":5148}]},{"Id":283150,"Surname":"Foulkes","Firstname":"Peter","Gender":"M","YearOfBirth":1964,"TrackStartDateTimeUTC":"2022-03-26T01:00:46.000Z","StartPunchTimeLocal":"11:02:45","FinishPunchTimeLocal":"12:19:19","TotalTimehhmmss":"1:16:34","TotalTimeSecs":4594,"Classifier":"OK","ClubName":"SLOW","GrossScore":110,"NetScore":110,"MapRunVersion":"MapRun6 6.5.10-ios-en","Distance":10.3,"Pacemmss":"7:26","PaceMins":7.433656957928803,"Punches":[{"ControlId":"4","TimeAfterStartSecs":755},{"ControlId":"5","TimeAfterStartSecs":1142},{"ControlId":"1","TimeAfterStartSecs":1477},{"ControlId":"7","TimeAfterStartSecs":1696},{"ControlId":"3","TimeAfterStartSecs":1832},{"ControlId":"6","TimeAfterStartSecs":1989},{"ControlId":"2","TimeAfterStartSecs":2319},{"ControlId":"11","TimeAfterStartSecs":2417},{"ControlId":"99","TimeAfterStartSecs":2456},{"ControlId":"14","TimeAfterStartSecs":4457},{"ControlId":"5 (Extra)","TimeAfterStartSecs":3098},{"ControlId":"1 (Extra)","TimeAfterStartSecs":3493},{"ControlId":"7 (Extra)","TimeAfterStartSecs":3704},{"ControlId":"3 (Extra)","TimeAfterStartSecs":3869},{"ControlId":"6 (Extra)","TimeAfterStartSecs":4034},{"ControlId":"2 (Extra)","TimeAfterStartSecs":4367},{"ControlId":"99 (Extra)","TimeAfterStartSecs":4503}]},{"Id":283149,"Surname":"Brannelly","Firstname":"Honor","Gender":"F","YearOfBirth":1993,"TrackStartDateTimeUTC":"2022-03-26T01:00:50.000Z","StartPunchTimeLocal":"11:01:28","FinishPunchTimeLocal":"12:32:19","TotalTimehhmmss":"1:30:51","TotalTimeSecs":5451,"Classifier":"OK","ClubName":"","GrossScore":120,"NetScore":90,"MapRunVersion":"MapRun6 6.5.10-ios-en","Distance":14.84,"Pacemmss":"6:07","PaceMins":6.121967654986523,"Punches":[{"ControlId":"4","TimeAfterStartSecs":821},{"ControlId":"5","TimeAfterStartSecs":1156},{"ControlId":"1","TimeAfterStartSecs":1402},{"ControlId":"7","TimeAfterStartSecs":1690},{"ControlId":"3","TimeAfterStartSecs":1801},{"ControlId":"6","TimeAfterStartSecs":1926},{"ControlId":"2","TimeAfterStartSecs":2312},{"ControlId":"14","TimeAfterStartSecs":2421},{"ControlId":"99","TimeAfterStartSecs":2454},{"ControlId":"11","TimeAfterStartSecs":3172},{"ControlId":"12","TimeAfterStartSecs":4662},{"ControlId":"6 (Extra)","TimeAfterStartSecs":2700},{"ControlId":"1 (Extra)","TimeAfterStartSecs":2959},{"ControlId":"3 (Extra)","TimeAfterStartSecs":3047},{"ControlId":"2 (Extra)","TimeAfterStartSecs":3246},{"ControlId":"7 (Extra)","TimeAfterStartSecs":3407},{"ControlId":"99 (Extra)","TimeAfterStartSecs":3644},{"ControlId":"3 (Extra)","TimeAfterStartSecs":3851},{"ControlId":"7 (Extra)","TimeAfterStartSecs":4001},{"ControlId":"2 (Extra)","TimeAfterStartSecs":4128},{"ControlId":"6 (Extra)","TimeAfterStartSecs":4355},{"ControlId":"4 (Extra)","TimeAfterStartSecs":4534},{"ControlId":"99 (Extra)","TimeAfterStartSecs":4690},{"ControlId":"1 (Extra)","TimeAfterStartSecs":4765},{"ControlId":"7 (Extra)","TimeAfterStartSecs":4934},{"ControlId":"6 (Extra)","TimeAfterStartSecs":5005},{"ControlId":"2 (Extra)","TimeAfterStartSecs":5252},{"ControlId":"4 (Extra)","TimeAfterStartSecs":5341},{"ControlId":"99 (Extra)","TimeAfterStartSecs":5427}]},{"Id":283148,"Surname":"Richardson","Firstname":"Lisa","Gender":"F","YearOfBirth":1971,"TrackStartDateTimeUTC":"2022-03-26T01:00:36.000Z","StartPunchTimeLocal":"11:01:07","FinishPunchTimeLocal":"12:32:01","TotalTimehhmmss":"1:30:54","TotalTimeSecs":5454,"Classifier":"OK","ClubName":"","GrossScore":90,"NetScore":60,"MapRunVersion":"MapRun6 6.5.10-ios-en","Distance":8.56,"Pacemmss":"10:37","PaceMins":10.619158878504672,"Punches":[{"ControlId":"4","TimeAfterStartSecs":1360},{"ControlId":"1","TimeAfterStartSecs":1675},{"ControlId":"7","TimeAfterStartSecs":2122},{"ControlId":"3","TimeAfterStartSecs":2343},{"ControlId":"6","TimeAfterStartSecs":2529},{"ControlId":"99","TimeAfterStartSecs":3513},{"ControlId":"2","TimeAfterStartSecs":5290},{"ControlId":"4 (Extra)","TimeAfterStartSecs":2768},{"ControlId":"4 (Extra)","TimeAfterStartSecs":3736},{"ControlId":"1 (Extra)","TimeAfterStartSecs":4057},{"ControlId":"7 (Extra)","TimeAfterStartSecs":4432},{"ControlId":"3 (Extra)","TimeAfterStartSecs":4608},{"ControlId":"6 (Extra)","TimeAfterStartSecs":4770},{"ControlId":"99 (Extra)","TimeAfterStartSecs":5412}]},{"Id":283147,"Surname":"Ganu","Firstname":"Meenal","Gender":"F","YearOfBirth":2000,"TrackStartDateTimeUTC":"2022-03-26T01:00:33.000Z","StartPunchTimeLocal":"11:01:36","FinishPunchTimeLocal":"12:31:54","TotalTimehhmmss":"1:30:18","TotalTimeSecs":5418,"Classifier":"OK","ClubName":"","GrossScore":90,"NetScore":60,"MapRunVersion":"MapRun6 6.5.10-android-en","Distance":8.83,"Pacemmss":"10:14","PaceMins":10.226500566251417,"Punches":[{"ControlId":"4","TimeAfterStartSecs":1328},{"ControlId":"1","TimeAfterStartSecs":1644},{"ControlId":"7","TimeAfterStartSecs":2090},{"ControlId":"3","TimeAfterStartSecs":2314},{"ControlId":"6","TimeAfterStartSecs":2502},{"ControlId":"99","TimeAfterStartSecs":3485},{"ControlId":"2","TimeAfterStartSecs":5256},{"ControlId":"4 (Extra)","TimeAfterStartSecs":2739},{"ControlId":"4 (Extra)","TimeAfterStartSecs":3705},{"ControlId":"1 (Extra)","TimeAfterStartSecs":4028},{"ControlId":"7 (Extra)","TimeAfterStartSecs":4403},{"ControlId":"3 (Extra)","TimeAfterStartSecs":4578},{"ControlId":"6 (Extra)","TimeAfterStartSecs":4736},{"ControlId":"99 (Extra)","TimeAfterStartSecs":5381}]},{"Id":283146,"Surname":"Bennett","Firstname":"Edward","Gender":"M","YearOfBirth":1993,"TrackStartDateTimeUTC":"2022-03-26T01:00:25.000Z","StartPunchTimeLocal":"11:01:53","FinishPunchTimeLocal":"12:31:34","TotalTimehhmmss":"1:29:41","TotalTimeSecs":5381,"Classifier":"OK","ClubName":"","GrossScore":110,"NetScore":110,"MapRunVersion":"MapRun6 6.5.10-ios-en","Distance":12.25,"Pacemmss":"7:19","PaceMins":7.32108843537415,"Punches":[{"ControlId":"4","TimeAfterStartSecs":792},{"ControlId":"5","TimeAfterStartSecs":1211},{"ControlId":"1","TimeAfterStartSecs":1538},{"ControlId":"7","TimeAfterStartSecs":1779},{"ControlId":"3","TimeAfterStartSecs":1918},{"ControlId":"6","TimeAfterStartSecs":2070},{"ControlId":"2","TimeAfterStartSecs":2394},{"ControlId":"14","TimeAfterStartSecs":2497},{"ControlId":"99","TimeAfterStartSecs":2556},{"ControlId":"13","TimeAfterStartSecs":4664},{"ControlId":"5 (Extra)","TimeAfterStartSecs":3421},{"ControlId":"1 (Extra)","TimeAfterStartSecs":3748},{"ControlId":"7 (Extra)","TimeAfterStartSecs":3996},{"ControlId":"3 (Extra)","TimeAfterStartSecs":4131},{"ControlId":"6 (Extra)","TimeAfterStartSecs":4276},{"ControlId":"2 (Extra)","TimeAfterStartSecs":4568},{"ControlId":"99 (Extra)","TimeAfterStartSecs":4691},{"ControlId":"4 (Extra)","TimeAfterStartSecs":4826},{"ControlId":"1 (Extra)","TimeAfterStartSecs":4965},{"ControlId":"7 (Extra)","TimeAfterStartSecs":5208}]},{"Id":283145,"Surname":"Willetts","Firstname":"Douglas","Gender":"M","YearOfBirth":1996,"TrackStartDateTimeUTC":"2022-03-26T01:00:26.000Z","StartPunchTimeLocal":"11:01:20","FinishPunchTimeLocal":"12:31:21","TotalTimehhmmss":"1:30:01","TotalTimeSecs":5401,"Classifier":"OK","ClubName":"","GrossScore":100,"NetScore":70,"MapRunVersion":"MapRun6 6.5.10-android-en","Distance":10.43,"Pacemmss":"8:38","PaceMins":8.630552892297858,"Punches":[{"ControlId":"13","TimeAfterStartSecs":913},{"ControlId":"4","TimeAfterStartSecs":1087},{"ControlId":"5","TimeAfterStartSecs":1469},{"ControlId":"1","TimeAfterStartSecs":1746},{"ControlId":"7","TimeAfterStartSecs":2044},{"ControlId":"3","TimeAfterStartSecs":2192},{"ControlId":"6","TimeAfterStartSecs":2336},{"ControlId":"2","TimeAfterStartSecs":2708},{"ControlId":"99","TimeAfterStartSecs":2829},{"ControlId":"7 (Extra)","TimeAfterStartSecs":3565},{"ControlId":"1 (Extra)","TimeAfterStartSecs":4052},{"ControlId":"3 (Extra)","TimeAfterStartSecs":4209},{"ControlId":"2 (Extra)","TimeAfterStartSecs":4442},{"ControlId":"6 (Extra)","TimeAfterStartSecs":4679},{"ControlId":"99 (Extra)","TimeAfterStartSecs":5297}]},{"Id":283144,"Surname":"O’Neill","Firstname":"Anna","Gender":"F","YearOfBirth":1982,"TrackStartDateTimeUTC":"2022-03-26T01:00:34.000Z","StartPunchTimeLocal":"11:01:47","FinishPunchTimeLocal":"12:31:24","TotalTimehhmmss":"1:29:36","TotalTimeSecs":5376,"Classifier":"OK","ClubName":"","GrossScore":110,"NetScore":110,"MapRunVersion":"MapRun6 6.5.10-ios-en","Distance":11.82,"Pacemmss":"7:35","PaceMins":7.580372250423012,"Punches":[{"ControlId":"4","TimeAfterStartSecs":801},{"ControlId":"5","TimeAfterStartSecs":1216},{"ControlId":"1","TimeAfterStartSecs":1543},{"ControlId":"7","TimeAfterStartSecs":1785},{"ControlId":"3","TimeAfterStartSecs":1926},{"ControlId":"6","TimeAfterStartSecs":2078},{"ControlId":"2","TimeAfterStartSecs":2401},{"ControlId":"14","TimeAfterStartSecs":2508},{"ControlId":"99","TimeAfterStartSecs":2564},{"ControlId":"13","TimeAfterStartSecs":4666},{"ControlId":"5 (Extra)","TimeAfterStartSecs":3429},{"ControlId":"1 (Extra)","TimeAfterStartSecs":3753},{"ControlId":"7 (Extra)","TimeAfterStartSecs":4003},{"ControlId":"3 (Extra)","TimeAfterStartSecs":4138},{"ControlId":"6 (Extra)","TimeAfterStartSecs":4288},{"ControlId":"2 (Extra)","TimeAfterStartSecs":4577},{"ControlId":"99 (Extra)","TimeAfterStartSecs":4697},{"ControlId":"4 (Extra)","TimeAfterStartSecs":4834},{"ControlId":"1 (Extra)","TimeAfterStartSecs":4972},{"ControlId":"7 (Extra)","TimeAfterStartSecs":5218}]},{"Id":283143,"Surname":"Slattery","Firstname":"Thomas","Gender":"M","YearOfBirth":1989,"TrackStartDateTimeUTC":"2022-03-26T01:00:30.000Z","StartPunchTimeLocal":"11:02:04","FinishPunchTimeLocal":"12:30:50","TotalTimehhmmss":"1:28:46","TotalTimeSecs":5326,"Classifier":"OK","ClubName":"","GrossScore":120,"NetScore":120,"MapRunVersion":"MapRun6 6.5.10-android-en","Distance":13.19,"Pacemmss":"6:44","PaceMins":6.72984584281021,"Punches":[{"ControlId":"11","TimeAfterStartSecs":1060},{"ControlId":"4","TimeAfterStartSecs":1300},{"ControlId":"5","TimeAfterStartSecs":1592},{"ControlId":"1","TimeAfterStartSecs":1838},{"ControlId":"7","TimeAfterStartSecs":2021},{"ControlId":"3","TimeAfterStartSecs":2202},{"ControlId":"6","TimeAfterStartSecs":2361},{"ControlId":"2","TimeAfterStartSecs":2602},{"ControlId":"99","TimeAfterStartSecs":2687},{"ControlId":"12","TimeAfterStartSecs":2742},{"ControlId":"13","TimeAfterStartSecs":3834},{"ControlId":"4 (Extra)","TimeAfterStartSecs":2928},{"ControlId":"1 (Extra)","TimeAfterStartSecs":3045},{"ControlId":"7 (Extra)","TimeAfterStartSecs":3231},{"ControlId":"3 (Extra)","TimeAfterStartSecs":3350},{"ControlId":"6 (Extra)","TimeAfterStartSecs":3482},{"ControlId":"2 (Extra)","TimeAfterStartSecs":3704},{"ControlId":"99 (Extra)","TimeAfterStartSecs":3789},{"ControlId":"5 (Extra)","TimeAfterStartSecs":4326},{"ControlId":"1 (Extra)","TimeAfterStartSecs":4579},{"ControlId":"7 (Extra)","TimeAfterStartSecs":4740},{"ControlId":"3 (Extra)","TimeAfterStartSecs":4854},{"ControlId":"6 (Extra)","TimeAfterStartSecs":4973},{"ControlId":"2 (Extra)","TimeAfterStartSecs":5192},{"ControlId":"99 (Extra)","TimeAfterStartSecs":5272}]},{"Id":283138,"Surname":"Duhem","Firstname":"Alice","Gender":"F","YearOfBirth":2000,"TrackStartDateTimeUTC":"2022-03-26T01:00:33.000Z","StartPunchTimeLocal":"11:00:44","FinishPunchTimeLocal":"12:19:54","TotalTimehhmmss":"1:19:10","TotalTimeSecs":4750,"Classifier":"OK","ClubName":"","GrossScore":90,"NetScore":90,"MapRunVersion":"MapRun6 6.5.10-android-en","Distance":10.64,"Pacemmss":"7:26","PaceMins":7.44047619047619,"Punches":[{"ControlId":"4","TimeAfterStartSecs":842},{"ControlId":"5","TimeAfterStartSecs":1189},{"ControlId":"1","TimeAfterStartSecs":1447},{"ControlId":"7","TimeAfterStartSecs":1678},{"ControlId":"3","TimeAfterStartSecs":1794},{"ControlId":"6","TimeAfterStartSecs":1921},{"ControlId":"2","TimeAfterStartSecs":2283},{"ControlId":"99","TimeAfterStartSecs":2430},{"ControlId":"4 (Extra)","TimeAfterStartSecs":3951},{"ControlId":"1 (Extra)","TimeAfterStartSecs":4059},{"ControlId":"7 (Extra)","TimeAfterStartSecs":4235},{"ControlId":"3 (Extra)","TimeAfterStartSecs":4336},{"ControlId":"6 (Extra)","TimeAfterStartSecs":4448},{"ControlId":"2 (Extra)","TimeAfterStartSecs":4646},{"ControlId":"99 (Extra)","TimeAfterStartSecs":4708}]}]}