{"errorFlag":false,"statusMessage":"","warningFlag":true,"warningMessage":"Multiple events found ... There should be only one.","results":[{"Id":344477,"Surname":"Brearley","Firstname":"Anna","Gender":"F","YearOfBirth":1994,"TrackStartDateTimeUTC":"2023-02-02T08:39:09.000Z","StartPunchTimeLocal":"18:39:14","FinishPunchTimeLocal":"19:39:13","TotalTimehhmmss":"59:59","TotalTimeSecs":3599,"Classifier":"OK","ClubName":"","GrossScore":80,"NetScore":80,"MapRunVersion":"MapRun6 6.5.10-ios-en","Distance":10.11,"Pacemmss":"5:56","PaceMins":5.933069568084406,"Punches":[{"ControlId":"3","TimeAfterStartSecs":400},{"ControlId":"12","TimeAfterStartSecs":510},{"ControlId":"11","TimeAfterStartSecs":554},{"ControlId":"13","TimeAfterStartSecs":704},{"ControlId":"14","TimeAfterStartSecs":754},{"ControlId":"15","TimeAfterStartSecs":802},{"ControlId":"20","TimeAfterStartSecs":1046},{"ControlId":"17","TimeAfterStartSecs":1313},{"ControlId":"8","TimeAfterStartSecs":1619},{"ControlId":"5","TimeAfterStartSecs":2962},{"ControlId":"7","TimeAfterStartSecs":3581},{"ControlId":"2","TimeAfterStartSecs":3591},{"ControlId":"12 (Extra)","TimeAfterStartSecs":598},{"ControlId":"14 (Extra)","TimeAfterStartSecs":900},{"ControlId":"13 (Extra)","TimeAfterStartSecs":950},{"ControlId":"15 (Extra)","TimeAfterStartSecs":1357},{"ControlId":"14 (Extra)","TimeAfterStartSecs":1469},{"ControlId":"13 (Extra)","TimeAfterStartSecs":1521},{"ControlId":"12 (Extra)","TimeAfterStartSecs":1743},{"ControlId":"20 (Extra)","TimeAfterStartSecs":1826},{"ControlId":"17 (Extra)","TimeAfterStartSecs":2007},{"ControlId":"20 (Extra)","TimeAfterStartSecs":2217},{"ControlId":"11 (Extra)","TimeAfterStartSecs":2364},{"ControlId":"12 (Extra)","TimeAfterStartSecs":2410},{"ControlId":"20 (Extra)","TimeAfterStartSecs":2553},{"ControlId":"13 (Extra)","TimeAfterStartSecs":2656},{"ControlId":"15 (Extra)","TimeAfterStartSecs":2791},{"ControlId":"14 (Extra)","TimeAfterStartSecs":2841},{"ControlId":"13 (Extra)","TimeAfterStartSecs":2894},{"ControlId":"12 (Extra)","TimeAfterStartSecs":3048},{"ControlId":"11 (Extra)","TimeAfterStartSecs":3091},{"ControlId":"12 (Extra)","TimeAfterStartSecs":3134},{"ControlId":"13 (Extra)","TimeAfterStartSecs":3254},{"ControlId":"17 (Extra)","TimeAfterStartSecs":3396},{"ControlId":"15 (Extra)","TimeAfterStartSecs":3431},{"ControlId":"14 (Extra)","TimeAfterStartSecs":3475},{"ControlId":"13 (Extra)","TimeAfterStartSecs":3518}]},{"Id":344474,"Surname":"Lage","Firstname":"Ana","Gender":"F","YearOfBirth":1992,"TrackStartDateTimeUTC":"2023-02-02T08:36:12.000Z","StartPunchTimeLocal":"18:38:02","FinishPunchTimeLocal":"19:38:19","TotalTimehhmmss":"1:00:17","TotalTimeSecs":3617,"Classifier":"OK","ClubName":"Accenture","GrossScore":80,"NetScore":80,"MapRunVersion":"MapRun6 6.5.10-ios-en","Distance":6.01,"Pacemmss":"10:02","PaceMins":10.030504714364948,"Punches":[{"ControlId":"4","TimeAfterStartSecs":413},{"ControlId":"13","TimeAfterStartSecs":479},{"ControlId":"14","TimeAfterStartSecs":539},{"ControlId":"15","TimeAfterStartSecs":594},{"ControlId":"17","TimeAfterStartSecs":771},{"ControlId":"20","TimeAfterStartSecs":1164},{"ControlId":"6","TimeAfterStartSecs":1559},{"ControlId":"12","TimeAfterStartSecs":2142},{"ControlId":"11","TimeAfterStartSecs":2194},{"ControlId":"8","TimeAfterStartSecs":2779},{"ControlId":"7","TimeAfterStartSecs":3135},{"ControlId":"1","TimeAfterStartSecs":3407},{"ControlId":"5","TimeAfterStartSecs":3467},{"ControlId":"13 (Extra)","TimeAfterStartSecs":1632},{"ControlId":"14 (Extra)","TimeAfterStartSecs":1691},{"ControlId":"15 (Extra)","TimeAfterStartSecs":1747},{"ControlId":"17 (Extra)","TimeAfterStartSecs":1811},{"ControlId":"20 (Extra)","TimeAfterStartSecs":2054},{"ControlId":"12 (Extra)","TimeAfterStartSecs":2240},{"ControlId":"12 (Extra)","TimeAfterStartSecs":2871},{"ControlId":"11 (Extra)","TimeAfterStartSecs":2924},{"ControlId":"12 (Extra)","TimeAfterStartSecs":2971},{"ControlId":"12 (Extra)","TimeAfterStartSecs":3200},{"ControlId":"11 (Extra)","TimeAfterStartSecs":3253},{"ControlId":"12 (Extra)","TimeAfterStartSecs":3300},{"ControlId":"7 (Extra)","TimeAfterStartSecs":3446}]},{"Id":344476,"Surname":"Wojda","Firstname":"Stephanie","Gender":"F","YearOfBirth":1990,"TrackStartDateTimeUTC":"2023-02-02T08:37:14.000Z","StartPunchTimeLocal":"18:38:07","FinishPunchTimeLocal":"19:38:20","TotalTimehhmmss":"1:00:12","TotalTimeSecs":3612,"Classifier":"OK","ClubName":"","GrossScore":80,"NetScore":80,"MapRunVersion":"MapRun6 6.5.10-ios-en","Distance":5.91,"Pacemmss":"10:11","PaceMins":10.18612521150592,"Punches":[{"ControlId":"4","TimeAfterStartSecs":412},{"ControlId":"13","TimeAfterStartSecs":479},{"ControlId":"14","TimeAfterStartSecs":543},{"ControlId":"15","TimeAfterStartSecs":592},{"ControlId":"17","TimeAfterStartSecs":767},{"ControlId":"20","TimeAfterStartSecs":1460},{"ControlId":"6","TimeAfterStartSecs":1557},{"ControlId":"12","TimeAfterStartSecs":2135},{"ControlId":"11","TimeAfterStartSecs":2190},{"ControlId":"8","TimeAfterStartSecs":2751},{"ControlId":"7","TimeAfterStartSecs":3131},{"ControlId":"1","TimeAfterStartSecs":3404},{"ControlId":"5","TimeAfterStartSecs":3465},{"ControlId":"13 (Extra)","TimeAfterStartSecs":1635},{"ControlId":"14 (Extra)","TimeAfterStartSecs":1688},{"ControlId":"15 (Extra)","TimeAfterStartSecs":1742},{"ControlId":"17 (Extra)","TimeAfterStartSecs":1804},{"ControlId":"20 (Extra)","TimeAfterStartSecs":2046},{"ControlId":"12 (Extra)","TimeAfterStartSecs":2236},{"ControlId":"12 (Extra)","TimeAfterStartSecs":2869},{"ControlId":"11 (Extra)","TimeAfterStartSecs":2919},{"ControlId":"12 (Extra)","TimeAfterStartSecs":2967},{"ControlId":"12 (Extra)","TimeAfterStartSecs":3194},{"ControlId":"11 (Extra)","TimeAfterStartSecs":3248},{"ControlId":"12 (Extra)","TimeAfterStartSecs":3300},{"ControlId":"7 (Extra)","TimeAfterStartSecs":3448}]},{"Id":344475,"Surname":"Wells","Firstname":"George","Gender":"M","YearOfBirth":1996,"TrackStartDateTimeUTC":"2023-02-02T08:37:22.000Z","StartPunchTimeLocal":"18:38:05","FinishPunchTimeLocal":"19:38:19","TotalTimehhmmss":"1:00:13","TotalTimeSecs":3613,"Classifier":"OK","ClubName":"team win","GrossScore":80,"NetScore":80,"MapRunVersion":"MapRun6 6.5.10-ios-en","Distance":4.37,"Pacemmss":"13:47","PaceMins":13.77955758962624,"Punches":[{"ControlId":"4","TimeAfterStartSecs":412},{"ControlId":"13","TimeAfterStartSecs":477},{"ControlId":"14","TimeAfterStartSecs":538},{"ControlId":"15","TimeAfterStartSecs":591},{"ControlId":"17","TimeAfterStartSecs":765},{"ControlId":"20","TimeAfterStartSecs":1461},{"ControlId":"6","TimeAfterStartSecs":1554},{"ControlId":"12","TimeAfterStartSecs":2144},{"ControlId":"11","TimeAfterStartSecs":2191},{"ControlId":"8","TimeAfterStartSecs":2738},{"ControlId":"1","TimeAfterStartSecs":3401},{"ControlId":"7","TimeAfterStartSecs":3448},{"ControlId":"5","TimeAfterStartSecs":3466},{"ControlId":"13 (Extra)","TimeAfterStartSecs":1629},{"ControlId":"14 (Extra)","TimeAfterStartSecs":1688},{"ControlId":"15 (Extra)","TimeAfterStartSecs":1745},{"ControlId":"17 (Extra)","TimeAfterStartSecs":1806},{"ControlId":"20 (Extra)","TimeAfterStartSecs":2049},{"ControlId":"12 (Extra)","TimeAfterStartSecs":2237}]},{"Id":344473,"Surname":"Horsman","Firstname":"Kate","Gender":"F","YearOfBirth":1981,"TrackStartDateTimeUTC":"2023-02-02T08:36:24.000Z","StartPunchTimeLocal":"18:38:18","FinishPunchTimeLocal":"19:38:02","TotalTimehhmmss":"59:43","TotalTimeSecs":3583,"Classifier":"OK","ClubName":"","GrossScore":80,"NetScore":80,"MapRunVersion":"MapRun6 6.5.10-ios-en","Distance":8.35,"Pacemmss":"7:09","PaceMins":7.151696606786427,"Punches":[{"ControlId":"8","TimeAfterStartSecs":280},{"ControlId":"13","TimeAfterStartSecs":364},{"ControlId":"14","TimeAfterStartSecs":438},{"ControlId":"15","TimeAfterStartSecs":498},{"ControlId":"20","TimeAfterStartSecs":714},{"ControlId":"17","TimeAfterStartSecs":1123},{"ControlId":"12","TimeAfterStartSecs":1405},{"ControlId":"6","TimeAfterStartSecs":1584},{"ControlId":"11","TimeAfterStartSecs":2102},{"ControlId":"5","TimeAfterStartSecs":2609},{"ControlId":"7","TimeAfterStartSecs":3202},{"ControlId":"14 (Extra)","TimeAfterStartSecs":548},{"ControlId":"13 (Extra)","TimeAfterStartSecs":609},{"ControlId":"13 (Extra)","TimeAfterStartSecs":853},{"ControlId":"14 (Extra)","TimeAfterStartSecs":917},{"ControlId":"15 (Extra)","TimeAfterStartSecs":970},{"ControlId":"15 (Extra)","TimeAfterStartSecs":1172},{"ControlId":"14 (Extra)","TimeAfterStartSecs":1220},{"ControlId":"13 (Extra)","TimeAfterStartSecs":1274},{"ControlId":"12 (Extra)","TimeAfterStartSecs":1794},{"ControlId":"13 (Extra)","TimeAfterStartSecs":1949},{"ControlId":"12 (Extra)","TimeAfterStartSecs":2058},{"ControlId":"12 (Extra)","TimeAfterStartSecs":2165},{"ControlId":"13 (Extra)","TimeAfterStartSecs":2290},{"ControlId":"14 (Extra)","TimeAfterStartSecs":2374},{"ControlId":"15 (Extra)","TimeAfterStartSecs":2437},{"ControlId":"14 (Extra)","TimeAfterStartSecs":2486},{"ControlId":"13 (Extra)","TimeAfterStartSecs":2540},{"ControlId":"12 (Extra)","TimeAfterStartSecs":2738},{"ControlId":"11 (Extra)","TimeAfterStartSecs":2783},{"ControlId":"12 (Extra)","TimeAfterStartSecs":2833},{"ControlId":"13 (Extra)","TimeAfterStartSecs":2943},{"ControlId":"14 (Extra)","TimeAfterStartSecs":2998},{"ControlId":"15 (Extra)","TimeAfterStartSecs":3044},{"ControlId":"14 (Extra)","TimeAfterStartSecs":3087},{"ControlId":"13 (Extra)","TimeAfterStartSecs":3136},{"ControlId":"12 (Extra)","TimeAfterStartSecs":3435}]},{"Id":344472,"Surname":"Uslenghi","Firstname":"Gualtiero","Gender":"M","YearOfBirth":1994,"TrackStartDateTimeUTC":"2023-02-02T08:38:13.000Z","StartPunchTimeLocal":"18:38:25","FinishPunchTimeLocal":"19:38:06","TotalTimehhmmss":"59:41","TotalTimeSecs":3581,"Classifier":"OK","ClubName":"","GrossScore":80,"NetScore":80,"MapRunVersion":"MapRun6 6.5.10-ios-en","Distance":8.63,"Pacemmss":"6:55","PaceMins":6.915797605252992,"Punches":[{"ControlId":"8","TimeAfterStartSecs":279},{"ControlId":"13","TimeAfterStartSecs":356},{"ControlId":"14","TimeAfterStartSecs":431},{"ControlId":"15","TimeAfterStartSecs":490},{"ControlId":"20","TimeAfterStartSecs":710},{"ControlId":"17","TimeAfterStartSecs":1120},{"ControlId":"12","TimeAfterStartSecs":1400},{"ControlId":"6","TimeAfterStartSecs":1593},{"ControlId":"11","TimeAfterStartSecs":2095},{"ControlId":"5","TimeAfterStartSecs":2605},{"ControlId":"7","TimeAfterStartSecs":3199},{"ControlId":"14 (Extra)","TimeAfterStartSecs":541},{"ControlId":"13 (Extra)","TimeAfterStartSecs":605},{"ControlId":"13 (Extra)","TimeAfterStartSecs":847},{"ControlId":"14 (Extra)","TimeAfterStartSecs":913},{"ControlId":"15 (Extra)","TimeAfterStartSecs":963},{"ControlId":"15 (Extra)","TimeAfterStartSecs":1165},{"ControlId":"14 (Extra)","TimeAfterStartSecs":1211},{"ControlId":"13 (Extra)","TimeAfterStartSecs":1270},{"ControlId":"12 (Extra)","TimeAfterStartSecs":1790},{"ControlId":"13 (Extra)","TimeAfterStartSecs":1946},{"ControlId":"12 (Extra)","TimeAfterStartSecs":2057},{"ControlId":"12 (Extra)","TimeAfterStartSecs":2156},{"ControlId":"13 (Extra)","TimeAfterStartSecs":2286},{"ControlId":"14 (Extra)","TimeAfterStartSecs":2371},{"ControlId":"15 (Extra)","TimeAfterStartSecs":2419},{"ControlId":"14 (Extra)","TimeAfterStartSecs":2479},{"ControlId":"13 (Extra)","TimeAfterStartSecs":2539},{"ControlId":"12 (Extra)","TimeAfterStartSecs":2734},{"ControlId":"11 (Extra)","TimeAfterStartSecs":2778},{"ControlId":"12 (Extra)","TimeAfterStartSecs":2824},{"ControlId":"13 (Extra)","TimeAfterStartSecs":2937},{"ControlId":"14 (Extra)","TimeAfterStartSecs":2995},{"ControlId":"15 (Extra)","TimeAfterStartSecs":3037},{"ControlId":"14 (Extra)","TimeAfterStartSecs":3082},{"ControlId":"13 (Extra)","TimeAfterStartSecs":3138},{"ControlId":"12 (Extra)","TimeAfterStartSecs":3429}]}]}